http://24054136.s21i.faiusr.com/2/ABUIABACGAAgkvWb-gUohITFjgIw9h849w4!1500x1500.jpg	assets\images\original\heji-01.jpg	691374	ok
http://0.ss.508sys.com/image/loading/dot.gif	assets\images\original\heji-02.gif	807	ok
http://24054136.s21i.faiusr.com/2/ABUIABACGAAg3YDH_AUoqLvFzAQwzAo4_gI!600x600.jpg	assets\images\original\heji-03.jpg	54614	ok
http://24054136.s21i.faiusr.com/2/ABUIABACGAAgi--G_AUoo-SF6gQwgAc4kgk!400x400.jpg	assets\images\original\heji-04.jpg	96623	ok
http://24054136.s21i.faiusr.com/2/ABUIABACGAAgkIDH_AUo3LeyuQUwgAc4kgk!400x400.jpg	assets\images\original\heji-05.jpg	83695	ok
http://24054136.s21i.faiusr.com/4/ABUIABAEGAAgw7bO_QUorIzXxAUwgA44ohI!400x400.png	assets\images\original\heji-06.png	155177	ok
http://24054136.s21i.faiusr.com/4/ABUIABAEGAAgtrbO_QUonenRqQUwgA44ohI!400x400.png	assets\images\original\heji-07.png	134334	ok
http://24054136.s21i.faiusr.com/4/ABUIABAEGAAgwMjA_AUoyOz1owYw2QQ42QQ!400x400.png?_tm=3&v=202112161132	assets\images\original\heji-08.png	203240	ok
http://24054136.s21i.faiusr.com/4/ABUIABAEGAAgyMjA_AUos-iaaTDxBjjxBg!400x400.png?_tm=3&v=202112161132	assets\images\original\heji-09.png	169267	ok
http://24054136.s21i.faiusr.com/4/ABUIABAEGAAgzsjA_AUoxpT3STDxBjjxBg!400x400.png?_tm=3&v=202112161132	assets\images\original\heji-10.png	142491	ok
http://1.s140i.faiscm.com/2/AIwBCAAQAhgAILmO99UFKMDV9tgHMOASONAP!300x300.jpg	assets\images\original\heji-11.jpg	4509	ok
http://24054136.s21i.faiusr.com/4/ABUIABAEGAAgy7bO_QUo0K_O-wEw9gs47BA!400x400.png	assets\images\original\heji-12.png	145802	ok
http://24054136.s21i.faiusr.com/4/ABUIABAEGAAg0rbO_QUotIqZHDD1CzjsEA!400x400.png	assets\images\original\heji-13.png	128219	ok
http://24054136.s21i.faiusr.com/4/ABUIABAEGAAg0LbO_QUoxKuQ4wcw9Qs47BA!400x400.png	assets\images\original\heji-14.png	122311	ok
http://24054136.s21i.faiusr.com/2/ABUIABACGAAgtoHH_AUopoyA6AIwzAo4_gI!600x600.jpg	assets\images\original\heji-15.jpg	54336	ok
http://24054136.s21i.faiusr.com/4/ABUIABAEGAAg1M7A_AUomomDwAMwngc4ngc!400x400.png?_tm=3&v=202112161132	assets\images\original\heji-16.png	106615	ok
http://24054136.s21i.faiusr.com/4/ABUIABAEGAAgxf3__AUo5LqKtgEwkgQ4kgQ!400x400.png?_tm=3&v=202112161132	assets\images\original\heji-17.png	84495	ok
http://24054136.s21i.faiusr.com/4/ABUIABAEGAAg2s7A_AUoq83I-QIwngc4ngc!400x400.png?_tm=3&v=202112161132	assets\images\original\heji-18.png	93625	ok
http://24054136.s21i.faiusr.com/4/ABUIABAEGAAgsfTyiAYozISvtAYwqAU4zAQ!400x400.png?_tm=3&v=202112161132	assets\images\original\heji-19.png	192247	ok
http://24054136.s21i.faiusr.com/2/ABUIABACGAAgjsCCmAYowIPb0gcwgAo4gAo!400x400.jpg?_tm=3&v=202112161132	assets\images\original\heji-20.jpg	11656	ok
http://24054136.s21i.faiusr.com/4/ABUIABAEGAAgmIOU-QUotJjkuQEwtwc4tgc!400x400.png?_tm=3&v=202112161132	assets\images\original\heji-21.png	189693	ok
http://2.ss.508sys.com/image/materialLib/other/5000002402.jpg?v=201712181730	assets\images\original\heji-22.jpg	3463	ok
http://24054136.s21i.faiusr.com/4/ABUIABAEGAAg5LzA_AUouofpjwQwpgc4pgc!300x300.png	assets\images\original\heji-23.png	72133	ok
http://24054136.s21i.faiusr.com/4/ABUIABAEGAAg1f3__AUovJDKxgUwnAQ4nAQ!300x300.png	assets\images\original\heji-24.png	58281	ok
http://24054136.s21i.faiusr.com/4/ABUIABAEGAAg1bbO_QUo06qVoQcwlx04lh0!300x300.png	assets\images\original\heji-25.png	63944	ok
http://24054136.s21i.faiusr.com/4/ABUIABAEGAAgnZPziAYogOvG-gcwrAI4rAI.png	assets\images\original\heji-26.png	133514	ok
http://24054136.s21i.faiusr.com/4/ABUIABAEGAAgt8KCmAYosPSNqgYw8gE48gE.png	assets\images\original\heji-27.png	51861	ok
http://24054136.s21i.faiusr.com/4/ABUIABAEGAAg4oSU-QUoyKeM5wcwtgc4tgc!300x300.png	assets\images\original\heji-28.png	113690	ok
http://24054136.s21i.faiusr.com/4/ABUIABAEGAAg7pHjgAYo9oi1mgMw3hU4yQg!300x300.png	assets\images\original\heji-29.png	14476	ok
http://24054136.s21i.faiusr.com/4/ABUIABAEGAAg7pHjgAYotqXOhgcw3hU4yQg!300x300.png	assets\images\original\heji-30.png	11560	ok
http://24054136.s21i.faiusr.com/4/ABUIABAEGAAg7pHjgAYoidjelQcw3hU4yQg!300x300.png	assets\images\original\heji-31.png	21281	ok
http://24054136.s21i.faiusr.com/4/ABUIABAEGAAg7pHjgAYov766owEw3hU4yQg!300x300.png	assets\images\original\heji-32.png	11090	ok
http://24054136.s21i.faiusr.com/4/ABUIABAEGAAgnPG7_AUo-dDl7AQwvRE4_QY!300x300.png	assets\images\original\heji-33.png	18960	ok
http://24054136.s21i.faiusr.com/4/ABUIABAEGAAgnPG7_AUouNLaqQQwvBE4_QY!300x300.png	assets\images\original\heji-34.png	14213	ok
http://24054136.s21i.faiusr.com/4/ABUIABAEGAAg6buCmAYo5d-h9wUw6Ac4jQI!300x300.png	assets\images\original\heji-35.png	7310	ok
http://24054136.s21i.faiusr.com/4/ABUIABAEGAAgnPG7_AUorOfMygUwvRE4_QY!300x300.png	assets\images\original\heji-36.png	10538	ok
http://24054136.s21i.faiusr.com/4/ABUIABAEGAAgovG7_AUowc-3cTC9ETj5Bg!300x300.png	assets\images\original\heji-37.png	19646	ok
http://24054136.s21i.faiusr.com/4/ABUIABAEGAAgoPG7_AUo-Mzg3AcwvRE4_QY!300x300.png	assets\images\original\heji-38.png	17483	ok
http://24054136.s21i.faiusr.com/4/ABUIABAEGAAgovG7_AUotrD3ngUwvRE4_QY!300x300.png	assets\images\original\heji-39.png	6336	ok
http://24054136.s21i.faiusr.com/4/ABUIABAEGAAgn-G7_AUo4JDYsAQwvBE4_QY!300x300.png	assets\images\original\heji-40.png	16025	ok
http://24054136.s21i.faiusr.com/4/ABUIABAEGAAgovG7_AUomqXKODC8ETj5Bg!300x300.png	assets\images\original\heji-41.png	11905	ok
http://24054136.s21i.faiusr.com/4/ABUIABAEGAAgn-G7_AUospGq1wQwvRE4_QY!300x300.png	assets\images\original\heji-42.png	18587	ok
http://24054136.s21i.faiusr.com/4/ABUIABAEGAAgnPG7_AUopv3spAIwvBE4_QY!300x300.png	assets\images\original\heji-43.png	17053	ok
http://24054136.s21i.faiusr.com/4/ABUIABAEGAAgn-G7_AUo_o_TzAUwvBE4_QY!300x300.png	assets\images\original\heji-44.png	16924	ok
http://24054136.s21i.faiusr.com/4/ABUIABAEGAAgnPG7_AUo4uDn4QQwvRE4_QY!300x300.png	assets\images\original\heji-45.png	19999	ok
http://24054136.s21i.faiusr.com/4/ABUIABAEGAAgn-G7_AUoxM-04wYwvBE4_QY!300x300.png	assets\images\original\heji-46.png	26991	ok
http://24054136.s21i.faiusr.com/4/ABUIABAEGAAgovG7_AUoop3cqgUwvBE4_QY!300x300.png	assets\images\original\heji-47.png	16208	ok
http://24054136.s21i.faiusr.com/2/ABUIABACGAAgmoLH_AUo3qK30wUwzAo4_QI!600x600.jpg	assets\images\original\heji-48.jpg	62691	ok
http://24054136.s21i.faiusr.com/2/ABUIABACGAAgwY28_AUokMbH0gQwuAg40AU!600x600.jpg	assets\images\original\heji-49.jpg	82555	ok
http://24054136.s21i.faiusr.com/2/ABUIABACGAAg4YLH_AUo9NiayQYwzAo4_gI!600x600.jpg	assets\images\original\heji-50.jpg	60836	ok
http://24054136.s21i.faiusr.com/2/ABUIABACGAAgmID-_AUomoi_fDC4CDjPBQ!600x600.jpg	assets\images\original\heji-51.jpg	84420	ok
http://24054136.s21i.faiusr.com/4/ABUIABAEGAAgidzl_AUoxZarxgQw4x846gg!600x600.png	assets\images\original\heji-52.png	24765	ok